{
  "id": "SOP-STEP-0",
  "version": "v1",
  "title": "SOP Step 0 Stack and Conventions",
  "scope": "sop_authoring_runtime",
  "decisions": {
    "runtime": {
      "ui": "Next.js App Router",
      "language": "TypeScript",
      "location": "apps/web"
    },
    "authoring_constraints": {
      "no_unconstrained_rich_text": true,
      "schema_driven": true,
      "primitive_only_structure": true
    },
    "validation": {
      "form_state": "react-hook-form",
      "ui_validation": "zod",
      "canonical_schema": "json-schema-draft-2020-12",
      "invariant_validation": "python"
    }
  },
  "identifiers": {
    "sop_id": "SOP-0001",
    "version_id": "v1",
    "step_uid_format": "STEP-<ulid>",
    "data_id_format": "DATA-<ulid>"
  },
  "conventions": {
    "canonical_data_type": "data_table",
    "legacy_invalid": [
      "table"
    ],
    "toc_is_source_of_truth": true
  },
  "normalization_rules": [
    "normalize legacy aliases to canonical enums",
    "preserve step_uid across rename and reorder",
    "materialize bound lists on export",
    "renumber steps sequentially based on toc order",
    "enforce reference integrity",
    "remove ui_only_fields",
    "export deterministic key ordering"
  ]
}